{"cameraMode":{"drawMode":0,"name":"Shaded","section":"Shading Mode"},"sceneLighting":false,"audioPlay":false,"sceneViewState":{"showFog":true,"showMaterialUpdate":false,"showSkybox":true,"showFlares":true,"showImageEffects":true,"showParticleSystems":true},"in2DMode":false,"pivot":{"x":1.4756734371185303,"y":0.28417396545410159,"z":6.640381813049316},"rotation":{"x":0.37378963828086855,"y":-0.08745583891868592,"z":0.035428643226623538,"w":0.9227012395858765},"size":23.547096252441408,"orthographic":false}